Y,X,ValueId,PolyId,AREA,PERIMETER,WDUL_STRPT,WDUL_STR_1,TYPE,GCM_CODE,GEOC_SRC,GEOC_DATE,FIELD_STA,MEAS_ID,MEAS_DATE,GEOL_1,GEOL_2,REFRNCE,STRUCTURE,STRUC_TYPE,DIPD_TREND,DIP_PLUNGE,MRR_RELIAB,N_MEAS,SYM_CODE,DISPLAY,AVANGLE
5167997.24954257,554108.431214212,"1","0",0.00000,0.00000,"1","1",ST,A,MGS,"20080615",,,"19770000",K&M,,MGS Misc. Map M-25,SB,P,"155","10",,"1","80","12000","205"
5168023.19551963,554645.883596149,"2","0",0.00000,0.00000,"2","2",ST,A,MGS,"20080615",,,"19770000",K&M,,MGS Misc. Map M-25,SB,P,"155","10",,"1","80","12000","205"
5168215.9370635,553700.708717571,"3","0",0.00000,0.00000,"3","3",ST,A,MGS,"20080615",,,"19770000",K&M,,MGS Misc. Map M-25,SB,P,"160","9",,"1","80","12000","200"
5168393.85233476,554038.006419338,"4","0",0.00000,0.00000,"4","4",ST,A,MGS,"20080615",,,"19770000",K&M,,MGS Misc. Map M-25,SB,P,"160","9",,"1","80","12000","200"
5168556.94133341,554467.968324887,"5","0",0.00000,0.00000,"5","5",ST,A,MGS,"20080615",,,"19770000",K&M,,MGS Misc. Map M-25,SB,P,"155","7",,"1","80","12000","205"
5168668.13837795,555450.208884979,"6","0",0.00000,0.00000,"6","6",ST,A,MGS,"20080615",,,"19770000",K&M,,MGS Misc. Map M-25,SB,P,"150","10",,"1","80","12000","210"
5168935.01128485,555131.444023968,"7","0",0.00000,0.00000,"7","7",ST,A,MGS,"20080615",,,"19770000",K&M,,MGS Misc. Map M-25,SB,P,"160","7",,"1","80","12000","200"
5169209.29732804,555057.312660943,"8","0",0.00000,0.00000,"8","8",ST,A,MGS,"20080615",,,"19770000",K&M,,MGS Misc. Map M-25,SB,P,"155","10",,"1","80","12000","205"
5169642.56690401,557163.754394288,"9","0",0.00000,0.00000,"9","9",ST,A,MGS,"20080615",,,"19710000",K&M,,MGS Misc. Map M-25,VC,P,"85","17",,"1","124","24000","275"
5169831.01487063,558799.132850411,"10","0",0.00000,0.00000,"10","10",ST,A,MGS,"20080615",,MD739.5,"20031007",JDM,,NB:MD4/FM:WD5585E/51705N,IM,P,"80","45",,"1","73","24000","280"
5169873.58643703,558554.535103036,"11","0",0.00000,0.00000,"11","11",ST,A,MGS,"20080615",,MD587.00.2,"19971015",JDM,,NB:MD4/FM:223B.SW2,IM,P,"59","24",,"1","73","24000","301"
5169972.36846185,558275.324685965,"12","0",0.00000,0.00000,"12","12",ST,A,MGS,"20080615",,MD591.00.2,"19971015",JDM,,NB:MD4/FM:223B.SW2,IM,P,"70","34",,"0","73","24000","290"
5170076.98906707,558949.574927278,"13","0",0.00000,0.00000,"13","13",ST,A,MGS,"20080615",,MD736.3,"20031007",JDM,,NB:MD4/FM:WD5585E/51705N,IM,P,"75","49",,"1","73","24000","285"
5170094.42993476,558419.712396229,"14","0",0.00000,0.00000,"14","14",ST,A,MGS,"20080615",,MD555.00.1,"19941021",JDM,,NB:DM3/FM:223B.SW2,IT,P,"63","37",,"1","73","24000","297"
5170108.14639524,556762.292099686,"15","0",0.00000,0.00000,"15","15",ST,A,MGS,"20080615",,,"19710000",K&M,,MGS Misc. Map M-25,VC,P,"90","10",,"1","124","24000","270"
5170123.65241878,558612.410905214,"16","0",0.00000,0.00000,"16","16",ST,A,MGS,"20080615",,MD717.1,"20030917",JDM,,NB:MD4/FM:WD558E/5171N,IM,P,"65","25",,"1","73","24000","295"
5170223.47222809,558763.334636044,"17","0",0.00000,0.00000,"17","17",ST,A,MGS,"20080615",,MD719.1,"20030917",JDM,,NB:MD4/FM:WD558E/5171N,IM,P,"48","15",,"1","73","12000","312"
5170337.93208129,558040.578599095,"18","0",0.00000,0.00000,"18","18",ST,A,MGS,"20080615",,MD605.00.1,"19971016",JDM,,NB:MD4/FM:223B.SW2,IL,P,"95","27",,"0","103","24000","265"
5170358.33712782,558282.282968163,"19","0",0.00000,0.00000,"19","19",ST,A,MGS,"20080615",,MD620.00.1,"19971017",JDM,,NB:MD4/FM:223B.SW2,IM,P,"80","32",,"0","73","24000","280"
5170413.03782155,558892.256353442,"20","0",0.00000,0.00000,"20","20",ST,A,MGS,"20080615",,,"19810000",MEF,,Mike Foster MS Thesis map,IL,P,"100","20",,"0","103","24000","260"
5170428.38991682,558718.703311087,"21","0",0.00000,0.00000,"21","21",ST,A,MGS,"20080615",,MD548.00.2,"19941021",JDM,,NB:DM3/FM:223B.SW2,IM,P,"71","16",,"1","73","24000","289"
5170431.29434447,558197.718921591,"22","0",0.00000,0.00000,"22","22",ST,A,MGS,"20080615",,MD622.00.1,"19971017",JDM,,NB:MD4/FM:223B.SW2,IL,P,"75","36",,"0","103","24000","285"
5170507.79981923,558472.250637209,"23","0",0.00000,0.00000,"23","23",ST,A,MGS,"20080615",,MD634.00.1,"19971020",JDM,,NB:MD4/FM:223B.SW2,IM,P,"85","37",,"0","73","24000","275"
5170524.29343393,556855.871421792,"24","0",0.00000,0.00000,"24","24",ST,A,MGS,"20080615",,,"19710000",K&M,,MGS Misc. Map M-25,VC,P,"85","13",,"1","124","24000","275"
5170553.44506508,559130.640330357,"25","0",0.00000,0.00000,"25","25",ST,A,MGS,"20080615",,MD759.1,"20031209",JDM,,NB:DM3/FM:223B.SW1,IM,P,"60","40","3","1","73","12000","300"
5170553.46158896,557866.053272823,"26","0",0.00000,0.00000,"26","26",ST,A,MGS,"20080615",,MD599.01.1,"19971016",JDM,,NB:MD4/FM:223B.SW2,IL,P,"95","32",,"1","103","24000","265"
5170590.28533154,557648.323095522,"27","0",0.00000,0.00000,"27","27",ST,A,MGS,"20080615",,MD595.00.1,"19971016",JDM,,NB:MD4/FM:223B.SW2,VA,P,"55","35",,"0","124","24000","305"
5170623.50573521,558330.875385382,"28","0",0.00000,0.00000,"28","28",ST,A,MGS,"20080615",,MD578.00.4,"19971014",JDM,,NB:MD4/FM:223B.SW2,IM,P,"70","32",,"0","73","24000","290"
5170714.64241416,558457.138849451,"29","0",0.00000,0.00000,"29","29",ST,A,MGS,"20080615",,MD637.00.5,"19971020",JDM,,NB:MD4/FM:223B.SW2,IM,P,"75","29",,"0","73","12000","285"
5170717.87056562,554286.346485474,"30","0",0.00000,0.00000,"30","30",ST,A,MGS,"20080615",,,"19770000",K&M,,MGS Misc. Map M-25,SB,P,"170","80",,"1","80","200000","190"
5170769.04152278,559368.348057455,"31","0",0.00000,0.00000,"31","31",ST,A,MGS,"20080615",,MD403.00.2,"19930513",JDM,,NB:DM3/FM:223B.SW1,IM,P,"106","32",,"1","73","24000","254"
5170773.64574196,559029.680002192,"32","0",0.00000,0.00000,"32","32",ST,A,MGS,"20080615",,,"19810000",MEF,,Mike Foster MS Thesis map,IL,P,"75","25",,"0","103","24000","285"
5170781.91182609,558723.834889184,"33","0",0.00000,0.00000,"33","33",ST,A,MGS,"20080615",,,"19810000",MEF,,Mike Foster MS Thesis map,IL,P,"90","25",,"0","103","12000","270"
5170795.19900651,557998.870642021,"34","0",0.00000,0.00000,"34","34",ST,A,MGS,"20080615",,MD614.00.1,"19971016",JDM,,NB:MD4/FM:223B.SW2,IL,P,"70","35",,"0","103","24000","290"
5170799.41506494,554768.200345142,"35","0",0.00000,0.00000,"35","35",ST,A,MGS,"20080615",,,"19770000",K&M,,MGS Misc. Map M-25,SB,P,"170","75",,"1","80","12000","190"
5170835.53808356,558287.978147261,"36","0",0.00000,0.00000,"36","36",ST,A,MGS,"20080615",,MD734.1,"20031006",JDM,,NB:MD4/FM:WD5585E/51705N,IT,P,"75","22",,"1","73","24000","285"
5170858.05391826,556567.416178983,"37","0",0.00000,0.00000,"37","37",ST,A,MGS,"20080615",,,"19710000",K&M,,MGS Misc. Map M-25,VC,P,"90","15",,"1","124","24000","270"
5170884.66613242,553911.983102194,"38","0",0.00000,0.00000,"38","38",ST,A,MGS,"20080615",,,"19770000",K&M,,MGS Misc. Map M-25,SB,P,"180","55",,"1","80","12000","180"
5170920.55017587,558638.052691928,"39","0",0.00000,0.00000,"39","39",ST,A,MGS,"20080615",,MD420.00.1,"19930518",JDM,,NB:DM3/FM:223B.SW1,IM,P,"74","33",,"1","73","24000","286"
5171091.10135969,558105.924122865,"40","0",0.00000,0.00000,"40","40",ST,A,MGS,"20080615",,MD561.01.1,"19941028",JDM,,NB:DM3/FM:223B.SW2,IM,P,"68","30",,"1","73","24000","292"
5171139.96032767,558359.239024327,"41","0",0.00000,0.00000,"41","41",ST,A,MGS,"20080615",,MD585.00.1,"19971014",JDM,,NB:MD4/FM:223B.SW2,IL,P,"120","27",,"0","103","24000","240"
5171217.51994538,558934.048092269,"42","0",0.00000,0.00000,"42","42",ST,A,MGS,"20080615",,MD408.00.2,"19930513",JDM,,NB:DM3/FM:223B.SW1,IL,P,"75","21",,"1","103","12000","285"
5171257.67320016,559144.107215903,"43","0",0.00000,0.00000,"43","43",ST,A,MGS,"20080615",,MD406.00.1,"19930513",JDM,,NB:DM3/FM:223B.SW1,IM,P,"70","22",,"1","73","24000","290"
5171308.53478267,558020.753082647,"44","0",0.00000,0.00000,"44","44",ST,A,MGS,"20080615",,MD563.00.1,"19941028",JDM,,NB:DM3/FM:223B.SW2,IM,P,"80","37",,"1","73","24000","280"
5171413.2092392,556892.721699721,"45","0",0.00000,0.00000,"45","45",ST,A,MGS,"20080615",,,"19710000",K&M,,MGS Misc. Map M-25,VC,P,"85","18",,"1","124","24000","275"
5171443.51370812,559349.945736973,"46","0",0.00000,0.00000,"46","46",ST,A,MGS,"20080615",,MD411.00.2,"19930513",JDM,,NB:DM3/FM:223B.SW1,IL,P,"94","25",,"1","103","24000","266"
5171676.48375715,557656.441231451,"47","0",0.00000,0.00000,"47","47",ST,A,MGS,"20080615",,MD741.1,"20031007",JDM,,NB:MD4/FM:WD 558E/5171N,IM,P,"82","30",,"1","73","24000","278"
5171761.24391584,557969.92845088,"48","0",0.00000,0.00000,"48","48",ST,A,MGS,"20080615",,MD625.00,"19971017",JDM,,NB:MD4/FM:223B.SW2,IL,P,"75","25",,"0","103","24000","285"
5171772.24705174,558641.309261112,"49","0",0.00000,0.00000,"49","49",ST,A,MGS,"20080615",,MD418.04.1,"19930518",JDM,,NB:DM3/FM:223B.SW1,IL,P,"103","35",,"1","103","24000","257"
5171886.66958401,557777.244153743,"50","0",0.00000,0.00000,"50","50",ST,A,MGS,"20080615",,MD644.00.1,"19971020",JDM,,NB:MD4/FM:223B.SW2,IL,P,"80","25",,"0","103","12000","280"
5171888.3687273,557503.682083318,"51","0",0.00000,0.00000,"51","51",ST,A,MGS,"20080615",,DBP87,"19850000",BAR,,M.S. THESIS,IM,P,"70","34",,"2","73","24000","290"
5171970.69060075,556543.646489609,"52","0",0.00000,0.00000,"52","52",ST,A,MGS,"20080615",,,"19770000",K&M,,MGS Misc. Map M-25,VC,P,"85","14",,"1","124","24000","275"
5172009.85747286,558126.418100775,"53","0",0.00000,0.00000,"53","53",ST,A,MGS,"20080615",,MD640.02.1,"19971020",JDM,,NB:MD4/FM:223B.SW2,IM,P,"85","22",,"0","73","24000","275"
5172068.48947086,559244.426386921,"54","0",0.00000,0.00000,"54","54",ST,A,MGS,"20080615",,MD409.00.2,"19930513",JDM,,NB:DM3/FM:223B.SW1,IL,P,"75","31",,"1","103","24000","285"
5172095.62332697,558700.37410684,"55","0",0.00000,0.00000,"55","55",ST,A,MGS,"20080615",,MD417.00.1,"19930518",JDM,,NB:DM3/FM:223B.SW1,IL,P,"76","25",,"1","103","24000","284"
5172102.48057583,557847.457231072,"56","0",0.00000,0.00000,"56","56",ST,A,MGS,"20080615",,MD545.00.1,"19941020",JDM,,NB:DM3/FM:223B.SW2,IL,P,"90","30",,"1","103","24000","270"
5172163.53930551,558409.192722849,"57","0",0.00000,0.00000,"57","57",ST,A,MGS,"20080615",,MD540.00.2,"19941020",JDM,,NB:DM3/FM:223B.SW2,IL,P,"75","36",,"1","103","24000","285"
5172218.36917616,559011.932206767,"58","0",0.00000,0.00000,"58","58",ST,A,MGS,"20080615",,MD416.00.1,"19930518",JDM,,NB:DM3/FM:223B.WC1,IM,P,"101","29",,"1","73","24000","259"
5172294.75770481,556172.760161862,"59","0",0.00000,0.00000,"59","59",ST,A,MGS,"20080615",,,"19710000",K&M,,MGS Misc. Map M-25,VC,P,"80","15",,"1","124","24000","280"
5172406.15077652,559535.912535754,"60","0",0.00000,0.00000,"60","60",ST,A,MGS,"20080615",,MD522.00.1,"19941013",JDM,,NB:DM3/FM:223B.SW2,IL,P,"118","10",,"1","103","24000","242"
5172493.92179473,559205.255005799,"61","0",0.00000,0.00000,"61","61",ST,A,MGS,"20080615",,MD524.01.2,"19941013",JDM,,NB:DM3/FM:223B.SW2,IT,P,"125","15",,"1","73","24000","235"
5172507.23849694,557548.212107804,"62","0",0.00000,0.00000,"62","62",ST,A,MGS,"20080615",,MD546.00.1,"19941020",JDM,,NB:DM3/FM:223B.SW2,IL,P,"115","15",,"1","103","24000","245"
5172513.20173072,557892.268355753,"63","0",0.00000,0.00000,"63","63",ST,A,MGS,"20080615",,MD547.00.1,"19941020",JDM,,NB:DM3/FM:223B.SW2,IL,P,"70","25",,"1","103","12000","290"
5172542.39276387,559619.611958488,"64","0",0.00000,0.00000,"64","64",ST,A,MGS,"20080615",,MD520.00.1,"19941013",JDM,,NB:DM3/FM:223B.SW2,IL,P,"110","25",,"2","103","24000","250"
5172596.19053711,556632.494932553,"65","0",0.00000,0.00000,"65","65",ST,A,MGS,"20080615",,,"19710000",K&M,,MGS Misc. Map M-25,VC,P,"70","30",,"1","124","24000","290"
5172602.11576239,558776.17624725,"66","0",0.00000,0.00000,"66","66",ST,A,MGS,"20080615",,MD536.00.1,"19941020",JDM,,NB:DM3/FM:223B.SW2,IM,P,"100","26",,"1","73","24000","260"
5172722.03860933,558407.38612108,"67","0",0.00000,0.00000,"67","67",ST,A,MGS,"20080615",,MD537.00.3,"19941020",JDM,,NB:DM3/FM:223B.SW2,IL,P,"92","37",,"1","103","24000","268"
5172750.94089127,559530.799532325,"68","0",0.00000,0.00000,"68","68",ST,A,MGS,"20080615",,MD514.00.1,"19931102",JDM,,NB:DM3/FM:223B.CC1,IL,P,"100","15",,"1","103","24000","260"
5172762.45117691,558036.518377752,"69","0",0.00000,0.00000,"69","69",ST,A,MGS,"20080615",,DG186.00.1,"19941027",JDM,,NB:DM3/FM:223B.WC1,IL,P,"100","42",,"1","103","24000","260"
5172801.0669053,559702.202741955,"70","0",0.00000,0.00000,"70","70",ST,A,MGS,"20080615",,MD511.01.1,"19931102",JDM,,NB:DM3/FM:223B.CC1,IL,P,"63","15",,"1","103","24000","297"
5172801.19361396,559079.24757405,"71","0",0.00000,0.00000,"71","71",ST,A,MGS,"20080615",,GD120.1,"19920713",JCG,,NB:JGD/FM:223B.WC1,IM,P,"90","22",,"1","73","24000","270"
5172842.66200209,560027.994029876,"72","0",0.00000,0.00000,"72","72",ST,A,MGS,"20080615",,DG119.3,"19920711",JCG,,NB:JGD/FM:223B.WC1,IL,P,"130","14",,"1","103","24000","230"
5172885.31357704,558861.441988582,"73","0",0.00000,0.00000,"73","73",ST,A,MGS,"20080615",,MD526.00.1,"19941013",JDM,,NB:DM3/FM:223B.SW2,IL,P,"105","22",,"1","103","12000","255"
5172940.67819223,558666.448619429,"74","0",0.00000,0.00000,"74","74",ST,A,MGS,"20080615",,DG185.1,"19920713",JCG,,NB:JGD/FM:223B.WC1,IL,P,"85","33",,"1","103","24000","275"
5172969.87486925,559296.171897485,"75","0",0.00000,0.00000,"75","75",ST,A,MGS,"20080615",,MD516.00.1,"19931102",JDM,,NB:DM3/FM:223B.CC1,IL,P,"105","11","4","1","103","24000","255"
5173013.63802519,556157.581153089,"76","0",0.00000,0.00000,"76","76",ST,A,MGS,"20080615",,,"19710000",K&M,,MGS Misc. Map M-25,VC,P,"85","10",,"1","124","24000","275"
5173023.36955055,559781.098742401,"77","0",0.00000,0.00000,"77","77",ST,A,MGS,"20080615",,MD510.00.4,"19931102",JDM,,NB:DM3/FM:223B.CC1,IL,P,"100","24",,"1","103","24000","260"
5173083.02334799,555485.359101809,"78","0",0.00000,0.00000,"78","78",ST,A,MGS,"20080615",,,"19710000",K&M,,MGS Misc. Map M-25,VC,P,"90","4",,"1","124","24000","270"
5173083.67348764,559982.079476379,"79","0",0.00000,0.00000,"79","79",ST,A,MGS,"20080615",,DG179.00.1,"19950525",JDM,,NB:MD3/FM:223B.CC1,IL,P,"315","24",,"1","103","24000","45"
5173119.89467166,555754.286132573,"80","0",0.00000,0.00000,"80","80",ST,A,MGS,"20080615",,,"19710000",K&M,,MGS Misc. Map M-25,VC,P,"88","3",,"1","124","24000","272"
5173136.1745399,559438.231325852,"81","0",0.00000,0.00000,"81","81",ST,A,MGS,"20080615",,MD509.00.1,"19931102",JDM,,NB:DM3/FM:223B.CC1,IM,P,"65","30",,"1","73","24000","295"
5173182.84887859,557394.737575383,"82","0",0.00000,0.00000,"82","82",ST,A,MGS,"20080615",,MD448.01.2,"19930521",JDM,,NB:DM3/FM:223B.WC1,IM,P,"65","37",,"1","73","24000","295"
5173207.11642751,559577.994627112,"83","0",0.00000,0.00000,"83","83",ST,A,MGS,"20080615",,MD508.00.2,"19931102",JDM,,NB:DM3/FM:223B.CC1,IL,P,"68","25",,"1","103","12000","292"
5173213.43539699,558406.389553287,"84","0",0.00000,0.00000,"84","84",ST,A,MGS,"20080615",,MD629.00.1,"19971019",JDM,,NB:MD4/FM:223B.SW2,IM,P,"75","35",,"0","73","24000","285"
5173268.89268127,559904.426728467,"85","0",0.00000,0.00000,"85","85",ST,A,MGS,"20080615",,MD506.00.1,"19931101",JDM,JCG,NB:DM3/FM:223B.CC1,IL,P,"0","15",,"1","103","24000","360"
5173388.24707804,560060.924984985,"86","0",0.00000,0.00000,"86","86",ST,A,MGS,"20080615",,MD506.00.4,"19931101",JDM,JCG,NB:DM3/FM:223B.CC1,IM,P,"355","28",,"1","73","12000","5"
5173441.3959999,559424.190384613,"87","0",0.00000,0.00000,"87","87",ST,A,MGS,"20080615",,GD125,"19920714",JCG,,NB:JG/FM:223B.CC,IL,P,"65","30",,"1","103","24000","295"
5173454.92475728,555994.967581372,"88","0",0.00000,0.00000,"88","88",ST,A,MGS,"20080615",,,"19710000",K&M,,MGS Misc. Map M-25,VC,P,"75","15",,"1","124","24000","285"
5173492.34238625,560093.534630543,"89","0",0.00000,0.00000,"89","89",ST,A,MGS,"20080615",,MD507.01.1,"19950525",JDM,,NB:MD3/FM:223B.CC1,IL,P,"335","14","4","1","103","24000","25"
5173507.57555156,559076.226905284,"90","0",0.00000,0.00000,"90","90",ST,A,MGS,"20080615",,MD628.00.2,"19971019",JDM,,NB:MD4/FM:223B.SW2,IL,P,"87","17",,"0","103","24000","273"
5173519.13407505,556738.213069703,"91","0",0.00000,0.00000,"91","91",ST,A,MGS,"20080615",,MD392.00.1,"19921022",JDM,,NB:DM3/FM:224A.NE,IM,P,"78","30","2","1","73","24000","282"
5173559.55441766,559297.009637323,"92","0",0.00000,0.00000,"92","92",ST,A,MGS,"20080615",,MD449.02.2,"19931015",JDM,,NB:DM3/FM:223B.CC1,IL,P,"60","34",,"1","103","24000","300"
5173564.69046877,560293.95837268,"93","0",0.00000,0.00000,"93","93",ST,A,MGS,"20080615",,MD440.00.1,"19950525",JDM,,NB:MD3/FM:223B.CC1,IL,P,"65","20","4","1","103","24000","295"
5173611.34701056,559767.458751766,"94","0",0.00000,0.00000,"94","94",ST,A,MGS,"20080615",,MD504.02.1,"19931101",JDM,JCG,NB:DM3/FM:223B.CC1,IL,P,"305","30",,"1","103","24000","55"
5173617.57645599,560473.048656056,"95","0",0.00000,0.00000,"95","95",ST,A,MGS,"20080615",,MD445.00.1,"19930521",JDM,,NB:DM3/FM:223B.WC1,IL,P,"105","25",,"1","103","24000","255"
5173660.76925679,559918.817068703,"96","0",0.00000,0.00000,"96","96",ST,A,MGS,"20080615",,GD118.3,"19920711",JCG,,NB:JGD/FM:223B.WC1,IL,P,"280","15",,"1","103","24000","80"
5173679.56947173,559527.860136605,"97","0",0.00000,0.00000,"97","97",ST,A,MGS,"20080615",,DG189.4,"19920714",JCG,,NB:JGD/FM:223B.WC1,IL,P,"75","31",,"1","103","24000","285"
5173706.0852311,559669.730877636,"98","0",0.00000,0.00000,"98","98",ST,A,MGS,"20080615",,MD502.00.1,"19931101",JDM,,NB:DM3/FM:223B.CC1,IM,P,"28","9",,"1","73","12000","332"
5173794.58039628,560139.926750541,"99","0",0.00000,0.00000,"99","99",ST,A,MGS,"20080615",,MD442.00.1,"19930521",JDM,,NB:DM3/FM:223B.WC1,IL,P,"65","27",,"1","103","24000","295"
5173855.34431271,559426.561628968,"100","0",0.00000,0.00000,"100","100",ST,A,MGS,"20080615",,MD498.00.2,"19931015",JDM,,NB:DM3/FM:223B.CC1,IL,P,"72","23",,"1","103","12000","288"
5173867.22874056,558910.438818163,"101","0",0.00000,0.00000,"101","101",ST,A,MGS,"20080615",,MD627.00,"19971019",JDM,,NB:MD4/FM:223B.SW2,IL,P,"90","28",,"0","103","24000","270"
5173874.46212636,559646.562578627,"102","0",0.00000,0.00000,"102","102",ST,A,MGS,"20080615",,MD503.00.2,"19931101",JDM,,NB:DM3/FM:223B.CC1,IM,P,"264","27",,"1","73","24000","96"
5173878.41147289,559752.73532786,"103","0",0.00000,0.00000,"103","103",ST,A,MGS,"20080615",,FC18,"20070700",JDM,,2007 PRC FIELD CAMP,IL,P,"265","15",,"0","103","0","95"
5173883.27274899,559199.230969922,"104","0",0.00000,0.00000,"104","104",ST,A,MGS,"20080615",,MD626.00.2,"19971019",JDM,,NB:MD4/FM:223B.SW2,IL,P,"70","30",,"0","103","24000","290"
5173943.12265059,559878.059674607,"105","0",0.00000,0.00000,"105","105",ST,A,MGS,"20080615",,MD443.00.2,"19930521",JDM,,NB:DM3/FM:223B.WC1,IM,P,"248","22",,"1","73","24000","112"
5173958.77259475,556883.719908374,"106","0",0.00000,0.00000,"106","106",ST,A,MGS,"20080615",,MD390.00.2,"19921022",JDM,,NB:DM3/FM:224A.NE,IM,P,"85","23","2","1","73","24000","275"
5173994.40591359,560155.727195825,"107","0",0.00000,0.00000,"107","107",ST,A,MGS,"20080615",,MD444.00.1,"19930521",JDM,,NB:DM3/FM:223B.WC1,IL,P,"60","21",,"1","103","24000","300"
5174002.54789581,559567.065767917,"108","0",0.00000,0.00000,"108","108",ST,A,MGS,"20080615",,MD485.01.5,"19931013",JDM,,NB:DM3/FM:223B.CC1,IL,P,"0","0","4","1","102","12000","360"
5174005.18485305,560645.950218372,"109","0",0.00000,0.00000,"109","109",ST,A,MGS,"20080615",,MD563.00.1,"19950524",JDM,,NB:DM3/FM:223B.CC1,CI,P,"80","25",,"1","75","24000","280"
5174028.3333489,559995.807856178,"110","0",0.00000,0.00000,"110","110",ST,A,MGS,"20080615",,MD471.01.1,"19931012",JDM,,NB:DM3/FM:223B.CC1,IM,P,"43","70",,"1","73","12000","317"
5174062.1539627,555561.304411525,"111","0",0.00000,0.00000,"111","111",ST,A,MGS,"20080615",,,"19710000",K&M,,MGS Misc. Map M-25,VC,P,"110","10",,"1","124","24000","250"
5174075.52625631,559435.824053912,"112","0",0.00000,0.00000,"112","112",ST,A,MGS,"20080615",,MD484.00.1,"19931013",JDM,,NB:DM3/FM:223B.CC1,IM,P,"62","21",,"1","73","24000","298"
5174081.2430546,559621.219923708,"113","0",0.00000,0.00000,"113","113",ST,A,MGS,"20080615",,MD486.00.1,"19931013",JDM,,NB:DM3/FM:223B.CC1,IL,P,"245","30",,"1","103","24000","115"
5174145.07039123,559715.962679602,"114","0",0.00000,0.00000,"114","114",ST,A,MGS,"20080615",,FC22,"20070700",JDM,,2007 PRC field camp,IL,P,"245","63",,"0","103","0","115"
5174150.01015414,557060.406783902,"115","0",0.00000,0.00000,"115","115",ST,A,MGS,"20080615",,MD390.03.4,"19921022",JDM,,NB:DM3/FM:224A.NE,IM,P,"85","31","2","1","73","24000","275"
5174196.21066494,559920.061000183,"116","0",0.00000,0.00000,"116","116",ST,A,MGS,"20080615",,MD470.00.1,"19931012",JDM,,NB:DM3/FM:223B.CC1,IM,P,"35","45",,"2","73","24000","325"
5174197.18592806,560226.742649993,"117","0",0.00000,0.00000,"117","117",ST,A,MGS,"20080615",,MD465.00.1,"19931012",JDM,,NB:DM3/FM:223B.CC1,IT,P,"42","15",,"2","73","24000","318"
5174229.88052022,559130.888610015,"118","0",0.00000,0.00000,"118","118",ST,A,MGS,"20080615",,MD493.01.1,"19931015",JDM,,NB:DM3/FM:223B.CC1,IL,P,"90","30",,"1","103","24000","270"
5174270.21345191,559679.184764353,"119","0",0.00000,0.00000,"119","119",ST,A,MGS,"20080615",,MD474.00.1,"19931013",JDM,,NB:DM3/FM:223B.CC1,IL,P,"48","19",,"2","103","24000","312"
5174273.78252864,559511.729789791,"120","0",0.00000,0.00000,"120","120",ST,A,MGS,"20080615",,MD479.00.2,"19931013",JDM,,NB:DM3/FM:223B.CC1,IM,P,"195","27",,"1","73","24000","165"
5174287.04711294,560382.615780128,"121","0",0.00000,0.00000,"121","121",ST,A,MGS,"20080615",,MD463.00.1,"19931012",JDM,,NB:DM3/FM:223B.CC1,IL,P,"70","16",,"1","103","24000","290"
5174296.52960662,559403.157137347,"122","0",0.00000,0.00000,"122","122",ST,A,MGS,"20080615",,MD496.02.3,"19931015",JDM,,NB:DM3/FM:223B.CC1,IL,P,"102","19",,"1","103","24000","258"
5174308.26341214,559288.231697899,"123","0",0.00000,0.00000,"123","123",ST,A,MGS,"20080615",,MD490.00.1,"19931014",JDM,,NB:DM3/FM:223B.CC1,IL,P,"85","29",,"1","103","24000","275"
5174329.29470244,560544.437322256,"124","0",0.00000,0.00000,"124","124",ST,A,MGS,"20080615",,GD107.3,"19920706",JCG,,NB:JGD/FM:223B.WC1,IL,P,"95","15",,"1","103","12000","265"
5174353.56872054,559451.508319406,"125","0",0.00000,0.00000,"125","125",ST,A,MGS,"20080615",,FC07,"20070700",JDM,,2007 PRC field camp,IL,P,"160","4",,"0","103","0","200"
5174389.22631947,555337.158556365,"126","0",0.00000,0.00000,"126","126",ST,A,MGS,"20080615",,,"19770000",K&M,,MGS Misc. Map M-25,SB,P,"180","15",,"1","80","24000","180"
5174391.3796421,559676.693363383,"127","0",0.00000,0.00000,"127","127",ST,A,MGS,"20080615",,FC5,"20070700",JDM,,2007 PRC field camp,IL,P,"50","25",,"0","103","0","310"
5174468.3829093,560522.685365163,"128","0",0.00000,0.00000,"128","128",ST,A,MGS,"20080615",,DG168.00.1,"19920706",JCG,,NB:DM3/FM:223B.WC1,IL,P,"75","18",,"1","103","24000","285"
5174487.47005812,559095.921567375,"129","0",0.00000,0.00000,"129","129",ST,A,MGS,"20080615",,MD492.02.3,"19931015",JDM,,NB:DM3/FM:223B.CC1,IL,P,"117","17",,"1","103","24000","243"
5174491.34458493,559603.257205944,"130","0",0.00000,0.00000,"130","130",ST,A,MGS,"20080615",,GD116.1,"19920708",JCG,,NB:JGD/FM:223B.WC1,IL,P,"95","22",,"1","103","24000","265"
5174496.50303886,558024.251743862,"131","0",0.00000,0.00000,"131","131",ST,A,MGS,"20080615",,MD013.00.1,"19920520",JDM,,NB:DM1/FM:223B.WC1,IM,P,"85","25",,"1","73","24000","275"
5174538.70258026,558690.962603862,"132","0",0.00000,0.00000,"132","132",ST,A,MGS,"20080615",,MD394.00.1,"19921022",JDM,,NB:DM3/FM:223B.WC1,IM,P,"77","22","2","1","73","24000","283"
5174584.41218879,560307.24390373,"133","0",0.00000,0.00000,"133","133",ST,A,MGS,"20080615",,MD455.00.1,"19950524",JDM,,NB:DM3/FM:223B.CC1,IM,P,"85","29",,"1","73","24000","275"
5174615.1255286,555630.682719448,"134","0",0.00000,0.00000,"134","134",ST,A,MGS,"20080615",,,"19710000",K&M,,MGS Misc. Map M-25,VC,P,"95","10",,"1","124","24000","265"
5174630.33887489,559889.191054299,"135","0",0.00000,0.00000,"135","135",ST,A,MGS,"20080615",,MD451.00.1,"19931011",JDM,,NB:DM3/FM:223B.CC1,IL,P,"157","13",,"1","103","24000","203"
5174675.18051156,559165.096062531,"136","0",0.00000,0.00000,"136","136",ST,A,MGS,"20080615",,MD488.01.2,"19931014",JDM,,NB:DM3/FM:223B.CC1,IL,P,"101","30",,"1","103","24000","259"
5174681.70911592,560931.472754039,"137","0",0.00000,0.00000,"137","137",ST,A,MGS,"20080615",,MD458.00.1,"19931011",JDM,,NB:DM3/FM:223B.CC1,IT,P,"68","25",,"1","73","24000","292"
5174700.64097233,560102.296211378,"138","0",0.00000,0.00000,"138","138",ST,A,MGS,"20080615",,MD452.01.1,"19931011",JDM,,NB:DM3/FM:223B.CC1,IT,P,"75","44",,"1","73","24000","285"
5174746.21634139,559357.788192496,"139","0",0.00000,0.00000,"139","139",ST,A,MGS,"20080615",,MD450.00.1,"19930521",JDM,,NB:DM3/FM:223B.WC1,IM,P,"125","26",,"1","73","24000","235"
5174798.52031732,555026.523541518,"140","0",0.00000,0.00000,"140","140",ST,A,MGS,"20080615",MD111.00,MD111.00.2,"19920720",JDM,,NB:MD1/FM:224A.NNE,SB,P,"180","78","1","1","80","24000","180"
5174890.8236613,561187.965753212,"141","0",0.00000,0.00000,"141","141",ST,A,MGS,"20080615",,MD752.3,"20031209",JDM,,NB:DM4/FM:223B.560E/5175N,IM,P,"60","18",,"1","73","24000","300"
5174932.04170262,556925.556237695,"142","0",0.00000,0.00000,"142","142",ST,A,MGS,"20080615",MD008.00,MD008.00.1,"19920519",JDM,,NB:MD1/FM:224A.NNE,IT,P,"112","34","2","0","73","24000","248"
5175064.00151831,555024.225002981,"143","0",0.00000,0.00000,"143","143",ST,A,MGS,"20080615",MD111.00,MD111.00.1,"19920720",JDM,,NB:MD1/FM:224A.NNE,SB,P,"180","86","1","1","80","24000","180"
5175098.0685704,559342.173533481,"144","0",0.00000,0.00000,"144","144",ST,A,MGS,"20080615",,MD130.03.1,"19920722",JDM,,NB:DM1/FM:223B.NW1,IM,P,"85","22",,"1","73","24000","275"
5175108.31070471,560229.029152622,"145","0",0.00000,0.00000,"145","145",ST,A,MGS,"20080615",,MD125.00.1,"19920722",JDM,,NB:DM1/FM:223B.NW1,IM,P,"67","28",,"2","73","24000","293"
5175177.15252259,561443.025914987,"146","0",0.00000,0.00000,"146","146",ST,A,MGS,"20080615",,DG163.2,"19920704",JCG,,NB:DG/FM:223B.NC1,IM,P,"80","12",,"1","73","24000","280"
5175178.37944567,559548.640642035,"147","0",0.00000,0.00000,"147","147",ST,A,MGS,"20080615",,MD126.00.2,"19920723",JDM,,NB:DM1/FM:223B.NW1,IL,P,"87","17",,"1","103","24000","273"
5175233.58664727,557457.832702205,"148","0",0.00000,0.00000,"148","148",ST,A,MGS,"20080615",,MD116.00.1,"19920721",JDM,,NB:DM1/FM:223B.NW1,IL,P,"75","26",,"1","103","24000","285"
5175257.02831872,560015.252718054,"149","0",0.00000,0.00000,"149","149",ST,A,MGS,"20080615",,MD651.1,"19971021",JDM,,NB:MD4/FM:223B.NW,IL,P,"88","22",,"1","103","24000","272"
5175286.03695618,560694.752523524,"150","0",0.00000,0.00000,"150","150",ST,A,MGS,"20080615",,MD190.1,"-1",JDM,,,IL,P,"85","18",,"0","103","0","275"
5175325.94932481,560260.85620904,"151","0",0.00000,0.00000,"151","151",ST,A,MGS,"20080615",,MD136.02.1,"19920723",JDM,,NB:DM1/FM:223B.NW1,IM,P,"63","19",,"2","73","12000","297"
5175430.47704167,561201.049441814,"152","0",0.00000,0.00000,"152","152",ST,A,MGS,"20080615",,MD428.00.1,"19930519",JDM,,NB:DM3/FM:223B.NC1,IM,P,"55","22",,"1","73","24000","305"
5175437.17996458,560598.534467036,"153","0",0.00000,0.00000,"153","153",ST,A,MGS,"20080615",,MD187.01.1,"19920814",JDM,,NB:DM2/FM:223B.NW1,IM,P,"86","19",,"2","73","24000","274"
5175494.78680061,560112.598002204,"154","0",0.00000,0.00000,"154","154",ST,A,MGS,"20080615",,MD654.1,"19971021",JDM,,NB:MD4/FM:223B.NW,IM,P,"100","24",,"1","73","24000","260"
5175508.01698038,558954.780332447,"155","0",0.00000,0.00000,"155","155",ST,A,MGS,"20080615",,MD128.00.1,"19920722",JDM,,NB:DM1/FM:223B.NW1,IL,P,"88","30",,"1","103","24000","272"
5175518.93979789,559793.139536767,"156","0",0.00000,0.00000,"156","156",ST,A,MGS,"20080615",,MD127.00.1,"19920724",JDM,,NB:DM1/FM:223B.NW1,IL,P,"80","30",,"2","103","24000","280"
5175699.26690803,560797.559805658,"157","0",0.00000,0.00000,"157","157",ST,A,MGS,"20080615",,MD185.00.1,"19920813",JDM,,NB:DM1/FM:223B.NC1,IM,P,"102","17",,"1","73","24000","258"
5175753.56649993,561544.358655392,"158","0",0.00000,0.00000,"158","158",ST,A,MGS,"20080615",,DG161.00.1,"19930519",JDM,,NB:DM3/FM:223B.NC1,IL,P,"75","10",,"1","103","24000","285"
5175779.43150209,560352.444084149,"159","0",0.00000,0.00000,"159","159",ST,A,MGS,"20080615",,MD132.00.1,"19920723",JDM,,NB:DM1/FM:223B.NW1,IM,P,"106","14",,"1","73","24000","254"
5175949.95823798,560662.81490894,"160","0",0.00000,0.00000,"160","160",ST,A,MGS,"20080615",,MD188.00.1,"19920814",JDM,,NB:DM2/FM:223B.NC1,IM,P,"92","23",,"1","73","24000","268"
5175951.68419267,560258.63513035,"161","0",0.00000,0.00000,"161","161",ST,A,MGS,"20080615",,MD134.03.1,"19920723",JDM,,NB:DM1/FM:223B.NW1,IM,P,"80","27",,"1","73","12000","280"
5175965.59688514,561656.671126401,"162","0",0.00000,0.00000,"162","162",ST,A,MGS,"20080615",,DG160.05.1,"19920703",JCG,,NB:DG1/FM:223B.NC1,IL,P,"105","14",,"1","103","24000","255"
5176073.67097304,560194.270083681,"163","0",0.00000,0.00000,"163","163",ST,A,MGS,"20080615",,MD137.00.4,"19920723",JDM,,NB:DM1/FM:223B.NW1,IL,P,"20","60",,"1","103","24000","340"
5176118.80954924,560294.448655228,"164","0",0.00000,0.00000,"164","164",ST,A,MGS,"20080615",,MD182.00.1,"19920813",JDM,,NB:DM1/FM:223B.NW1,IL,P,"205","4",,"1","103","24000","155"
5176136.49000187,562051.753739721,"165","0",0.00000,0.00000,"165","165",ST,A,MGS,"20080615",,MD530.00.1,"19941014",JDM,,NB:DM3/FM:223B.NC1,IL,P,"33","14",,"1","103","24000","327"
5176137.63554696,561256.15316418,"166","0",0.00000,0.00000,"166","166",ST,A,MGS,"20080615",,MD195.00.1,"19920818",JDM,,NB:DM2/FM:223B.NC1,IL,P,"0","0",,"1","102","24000","360"
5176138.39009209,559831.085131188,"167","0",0.00000,0.00000,"167","167",ST,A,MGS,"20080615",,MD135.01.1,"19920723",JDM,,NB:DM1/FM:223B.NW1,IL,P,"87","53",,"1","103","24000","273"
5176258.09228813,556394.153970861,"168","0",0.00000,0.00000,"168","168",ST,A,MGS,"20080615",MD107.00,MD107.00.1,"19920720",JDM,,NB:MD1/FM:224A.NNE,IL,P,"75","15","3","1","103","24000","285"
5176288.58448892,562083.960407495,"169","0",0.00000,0.00000,"169","169",ST,A,MGS,"20080615",,MD527.00.3,"19941014",JDM,,NB:DM3/FM:223B.NC1,IM,P,"55","45",,"1","73","24000","305"
5176377.57167546,558223.05747745,"170","0",0.00000,0.00000,"170","170",ST,A,MGS,"20080615",,MD123.00.1,"19920721",JDM,,NB:DM1/FM:223B.NW1,IL,P,"82","23",,"1","103","24000","278"
5176548.59748812,557275.761419083,"171","0",0.00000,0.00000,"171","171",ST,A,MGS,"20080615",,MD112.00.2,"19920722",JDM,,NB:DM1/FM:223B.NW1,IM,P,"105","20","4","1","73","24000","255"
5176635.92999531,560715.008361377,"172","0",0.00000,0.00000,"172","172",ST,A,MGS,"20080615",,MD397.01.1,"19930512",JDM,,NB:DM3/FM:223B.NC1,IL,P,"70","15",,"1","103","24000","290"
5176657.61752312,561873.757243703,"173","0",0.00000,0.00000,"173","173",ST,A,MGS,"20080615",,MD196.01.1,"19920818",JDM,,NB:DM2/FM:223B.NC1,IL,P,"130","10",,"1","103","24000","230"
5176669.05217711,554962.143317286,"174","0",0.00000,0.00000,"174","174",ST,A,MGS,"20080615",MD110.00,MD110.00.1,"19920720",JDM,,NB:MD1/FM:224A.NNE,SB,P,"51","79","3","1","80","24000","309"
5176720.8308489,559380.338067035,"175","0",0.00000,0.00000,"175","175",ST,A,MGS,"20080615",,MD122.00.1,"19920721",JDM,,NB:DM1/FM:223B.NW1,IM,P,"65","33",,"1","73","24000","295"
5176779.92764098,560889.693959869,"176","0",0.00000,0.00000,"176","176",ST,A,MGS,"20080615",,MD396.00.1,"19930512",JDM,,NB:DM3/FM:223B.NC1,IL,P,"135","15","4","1","103","24000","225"
5176876.6802063,562492.351593029,"177","0",0.00000,0.00000,"177","177",ST,A,MGS,"20080615",,MD213.01.3,"19920820",JDM,,NB:DM2/FM:223B.NC1,JB,P,"73","22",,"1","132","12000","287"
5176886.44213561,563066.027844083,"178","0",0.00000,0.00000,"178","178",ST,A,MGS,"20080615",,MD212.00.1,"19920820",JDM,,NB:DM2/FM:223B.NC1,IL,P,"70","22","3","1","103","24000","290"
5176910.91335903,558290.932854494,"179","0",0.00000,0.00000,"179","179",ST,A,MGS,"20080615",,MD119.00.1,"19920721",JDM,,NB:DM1/FM:223B.NW1,IL,P,"70","44",,"1","103","24000","290"
5177148.111917,562879.471770743,"180","0",0.00000,0.00000,"180","180",ST,A,MGS,"20080615",,MD210.00.1,"19920820",JDM,,NB:DM2/FM:223B.NC1,IM,P,"36","19",,"1","73","24000","324"
5177153.46301129,563266.293500841,"181","0",0.00000,0.00000,"181","181",ST,A,MGS,"20080615",,MD209.00.1,"19920820",JDM,,NB:DM2/FM:223B.NC1,IL,P,"70","30","2","1","103","24000","290"
5177199.13616923,561573.684976302,"182","0",0.00000,0.00000,"182","182",ST,A,MGS,"20080615",,MD199.00.1,"19920818",JDM,,NB:DM2/FM:223B.NC1,IL,P,"130","30",,"1","103","24000","230"
5177305.22707004,562249.038258548,"183","0",0.00000,0.00000,"183","183",ST,A,MGS,"20080615",,MD205.00.2,"19920819",JDM,,NB:DM2/FM:223B.NC1,IT,P,"65","35",,"1","73","24000","295"
5177331.33227507,561145.444573797,"184","0",0.00000,0.00000,"184","184",ST,A,MGS,"20080615",,MD189.00.1,"19920814",JDM,,NB:DM2/FM:223B.NC1,IL,P,"90","10",,"1","103","24000","270"
5177454.58262856,561363.004355688,"185","0",0.00000,0.00000,"185","185",ST,A,MGS,"20080615",,MD648.1,"19971021",JDM,,NB:MD4/FM:223B.NC,IM,P,"128","15",,"1","73","12000","232"
5177604.62726912,562167.927481388,"186","0",0.00000,0.00000,"186","186",ST,A,MGS,"20080615",,MD202.00.1,"19920819",JDM,,NB:DM2/FM:223B.NC1,IL,P,"129","19",,"1","103","24000","231"
5177627.86582006,557752.638434544,"187","0",0.00000,0.00000,"187","187",ST,A,MGS,"20080615",,MD138.00.1,"19920724",JDM,,NB:DM1/FM:223B.NW1,IL,P,"70","32",,"2","103","24000","290"
